Alimento ,PORCION,creditospor porcion,creditoscada100 grs., Color de los creditos(indica Calidad del alimento), 
abadejo, 1 filet grande (aprox. 150 gr), 1.5, 1, Verde,
aceite de canola, 1 cda. tamaño postre (aprox. 10 gr), 1.75, 17.5, Rojo,
aceite de girasol, 1 cda. tamaño postre (aprox. 10 gr), 2.25, 22.5, Rojo,
Aceite de Girasol uva y maíz ,1 Cda postre, 2.5, 25, Rojo,
aceite de girasol uva y maíz, 1 cda. tamaño postre (aprox. 10 gr), 2.5, 25, Rojo,
aceite de maní, 1 cda. tamaño postre (aprox. 10 gr), 2, 20, Rojo,
aceite de oliva , 1 cda. tamaño postre (aprox. 10 gr), 2, 20, Rojo,
Aceite de Oliva y Soja, 1 Cda postre, 2, 20, Rojo,
aceite de soja, 1 cda. tamaño postre (aprox. 10 gr), 2, 20, Rojo,
aceite de uva, 1 cda. tamaño postre (aprox. 10 gr), 2.25, 22.5, Rojo,
aceite mezcla ,1 cda. tamaño postre (aprox. 10 gr), 2.25, 22.5, Rojo,
Aceituna Negra, 1 unidad, 0.5 ,10, Amarillo
Aceituna verde, 1 unidad ,0.25 ,5 ,Amarillo
aceitunas negras, 1 unidad (aprox. 5 gr ), 0.5, 10, Amarillo
aceitunas verdes, 1 unidad (aprox. 5 gr ) ,0.25, 5, Amarillo
acelga, 1 taza de té en cocido (aprox. 200 gr), 0, 0, Verde
Aceto balsamico, 1 Cda postre, 0 ,0, Verde
aceto balsámico ,1 cda. tamaño postre (aprox. 10 gr), 0 ,0, Verde
achicoria, 1 plato de postre (aprox 50 gr), 0, 0, Verde
Actimel 0% grasa y colesterol ,1 potecito de 100 gr, 0.5, 0.5, Verde
Actimel común, 1 potecito de 100 gr ,2.5, 2.5, Verde
Activia, 1 pote de 200 gr, 3, 1.5, Verde
aderezo a base de hierbas light, 1 vaso (150 cm3) ,0.5, 0.25, Verde
aderezo light para ensalada, 1 cda. tamaño postre (aprox. 10 gr) ,0 ,0, Verde
Aderezo light para ensaladas, 1 Cda postre ,0, 0, Verde
agar agar ,1 cdta café ,0, 0, Verde
agua saborizada ,1 vaso (aprox. 250 cm3), 2.5, 1, Verde
agua saborizada 0%, 1 vaso (aprox. 250 cm3), 0, 0, Verde
agua saborizada baja en azúcar, 1 vaso (aprox. 250 cm3), 0.5, 0.25, Verde
agua tónica ,1 vaso (aprox. 250 cm3) ,2.5, 1, Verde
ají ,1 unidad chica (aprox. 100 gr) , 0, 0, Verde
ají morrón, 1 unidad chica (aprox. 50 gr) ,0, 0, Verde
ajo ,1 diente, 0 ,0, Verde
albóndiga de carne magra,  1 unidad (aprox. 80 gr), 2, 2.5, Verde
alcaucil ,1 unidad (aprox. 100 gr), 0, 0, Verde
alfajor chico El Rosario ,1 unidad de 35 gr ,2.5, 7.25, Amarillo
alfajor choco-arroz (marca Deli light), 1 unidad de 26 gr ,2, 7.75, Amarillo
alfajor de dulce de leche ,1 unidad, 5.5, 13.75, Amarillo
alfajor de dulce de leche blanco ,1 unidad (aprox. 50 grs.) ,5.5, 11, Amarillo
alfajor de dulce de leche c/ baño ,1 unidad (aprox 50 gr) ,5.75, 11.5, Amarillo
alfajor de dulce de leche c/ chocolate, 1 unidad (aprox 50 gr), 6.25, 12.5, Amarillo
Alfajor de Dulce de leche con chocolate ,1 unidad ,6 ,12.5, Amarillo
alfajor de maicena ,1 unidad (aprox. 50 grs.), 4.25, 8.5, Amarillo
alfajor light (Cormillot), 1 unidad (aprox. 42 gr) ,4.25 ,10, Amarillo
Alfajor light Cormillot ,1 unidad ,4 ,10, Amarillo
alfajor Ser ,1 unidad (aprox. 42 gr), 5.5, 13, Amarillo
alfajorcito relleno con maní y cacao bañado c/ chocolate,1 unidad (aprox. 30 grs.), 3.75, 12.5, Amarillo
alimentos a base de trigo y soja ,1 taza tamañe té cocido (aprox. 50 gr) ,2 ,4, Amarillo
all bran , 1 taza tamaño té (aprox. 30 gr) ,1.75, 5.75, Amarillo
all bran plus ,1 cucharada sopera, 0.5, 10, Amarillo
almendrado  (helado), 1 unidad (aprox. 100 gr) ,6.75, 9.75, Amarillo
almendrado c/ salsa de chocolate, 1 unidad (455 cal.) ,17 ,21.25, Rojo
almendras, 1 cda sopera = 10 undes. (aprox. 10 g), 1.5 ,15, Rojo
almidón de maíz (fécula), 1 cda. sopera (aprox. 10 gr), 0.75, 7.5, Amarillo
almohaditas de avena rellenas de, 1 taza (aprox. 30 gr), 4.5, 15, Rojo
amaranto ,1 cda. sopera  (aprox. 10 gr) ,1 ,10, Amarillo
amargo serrano light ,1 vaso ,0 ,0, Verde
ananá , 1 rodaja (aprox. 100 grs.) ,1, 1, Verde
ananá en almíbar , 1 rodaja (aprox. 50 grs.) ,1 ,2, Verde
ananá en almíbar light, 1 rodaja (aprox. 50 grs.), 0.5, 1, Verde
anchoa ,1 filete grande (aprox. 150 gr), 1.75, 1.25, Verde
anchoas al natural, 1 porción de 100 gr ,1, 1, Verde
anchoas en aceite, 1 lata chica (150 gr) (6 cr c/ 100 gr) ,9 ,6, Amarillo
apio ,1 penca, 0, 0, Verde
arándanos ,1 taza de té (aprox. 100 grs.), 0, 0, Verde
arenque , 1 filet grande (aprox. 150 gr), 3.75, 2.5, Verde
aros de cebolla ,1 porción (aprox. 90 gr), 8, 8.75 ,Amarillo
arroz blanco ,1 plato tamaño postre (aprox. 33 gr) ,4 ,12.25, Amarillo
arroz con leche ,1 taza de té (aprox. 150 grs.) ,7, 4.75, Amarillo
arroz con leche light , 1 pote ,2.5, 1.75, Verde
arroz integral ,1 plato tamaño postre (aprox. 33 gr) ,2.75, 8.25, Amarillo
bife (ojo de bife), 1 rodaja gruesa (aprox. 140 gr), 4, 2.75, Verde
bife ancho, 1 churrasco chico (aprox. 150 gr) ,14, 9.25, Amarillo
bife angosto, 1 churrasco chico (aprox. 150 gr) ,10.25 ,6.75, Amarillo
bife de hígado ,1 bife chico (aprox. 100 gr) ,2.75, 2.75 ,Verde
bife de lomo magro ,1 churrasco chico (aprox. 150 gr) ,3.25, 2.25, Verde
Bife magro de lomo o cuadril, 1 churrasco chico, 3 ,2, Verde
bizcochos de arroz (Gallo Snacks), 1 porcion (18 unidades), 2, 5, Amarillo
bizcochos de grasa, 1 unidad (aprox. 5 grs.), 1, 20, Rojo
bizcochos de grasa light, 1 unidad (aprox. 5 grs.) ,0.75 ,15, Rojo
bizcochos de salvado ,1 unidad (aprox 3.7 grs.) ,0.5 ,13.5 ,Amarillo
bizcochuelo ,1 porción medina (aprox.60 gr) ,4.75, 8, Amarillo
bizcochuelo bañado en chocolate ,1 paquete chico, 3.5, 10, Amarillo
bloquecito de dulce de leche light  (Vauquita),1 unidad de 25 gr, 3.5, 8, Amarillo
Bocadito Cormillot, 1 unidad, 1.5, 8.5, Amarillo
bocadito de higo con 1 mariposa de nuez , 1 unidad de 25 gr (74 Kcal), 1.5, 6, Amarillo
bocadito de oblea con dulce de leche cubierta con chocolate ,1 unidad ,2 ,10 ,Amarillo
bocadito helado bañado con chocolate ,1 unidad (aprox. 10 gr) ,1.25, 12.5, Amarillo
bocaditos light de harina de papa ,1 paquete chico (aprox. 21 gr) ,3 ,14.25, Amarillo
bombón de chocolate relleno pasta de maní y almendras (bon o bon),1 unidad , 2.25, 11.25, Amarillo
Bombon de dulce de leche ,1 unidad ,2 ,8.5, Amarillo
bombón de dulce de leche ,1 unidad (aprox. 20 gr) ,1.75, 8.75, Amarillo
bombón helado (palito) ,1 unidad (aprox. 70 gr) ,7.25, 10.25, Amarillo
bombón relleno ,1 unidad (aprox. 20 gr) ,3, 15, Rojo
bombón suizo ,1 unidad (aprox. 100 grs.) ,8, 8, Amarillo
bombón tipo marroc, 1 unidad (aprox. 15 gr), 2.25, 15, Rojo
brochettes de vegetales asados con trozos de pechuga de pollo, 2 unidades ,1.5, 1.5, Verde
brócoli ,1 plato tamaño postre (aprox. 50 grs.), 0, 0, Verde
brócoli congelado ,1 plato postre, 0 ,0, Verde
brotes de soja, 1 plato de postre (aprx.50 gr) ,0, 0, Verde
Brotola ,1 filet grande, 1.5, 1, Verde
budín de pan , 1 porción chica , 6 ,5, Amarillo
budín inglés light, 1 rodaja fina (aprox. 30 gr), 1.5, 5, Amarillo
budín sabor naranja ,1 rodaja, 2.5, 8.25, Amarillo
budín saborizado sin frutas, 1 rodaja de 1 cm de grosor (+o- 30 gr) ,3.5, 11.5, Amarillo
caballa, 1 filet grande (aprox. 150 gr) ,2.25, 1.5, Verde
caballa al natural ,1 lata chica (aprox. 120 gr), 3.25, 2.75 ,Verde
caballa en aceite ,1 lata chica (aprox. 120 gr), 5.5, 4.5, Amarillo
caballa en salsa de tomate ,1 lata chica (aprox. 120 gr) ,10, 8.25, Amarillo
cacao amargo, 1 cucharada de postre (aprox. 10 gr) ,0.75, 7.5, Amarillo
cacao común ,1 cucharada de postre (aprox. 10 gr) ,1 ,10, Amarillo
cacao reducido en caloría y valor ,1 cda. tamaño postre (aprox. 10 gr), 0.75 ,7.5, Amarillo
Calabaza ,1 taza de te en cocido ,1, 0.5, Verde
calabaza  ,1 taza de té en cocido (aprox. 150 gr) ,1 ,0.75, Verde
calamares, 1 taza tamaño té (aprox. 150 gr), 1.5 ,1, Verde
caldo común, 1 vaso (aprox. 200 gr) ,0.5 ,0.25, Verde
camarones, 1 taza tamaño té (aprox. 150 gr) ,1.5, 1 ,Verde
canelón de choclo, 1 unidad (aprox. 150 gr) ,2.75, 1.75, Verde
cangrejo de mar ,1 taza tamaño té (aprox. 150 gr), 1.5, 1, Verde
capuchino light ,1 taza tamaño te (aprox. 165 gr) ,0.75, 0.5, Verde
capuchino vainilla (en sobres) ,1 sobre de 12.5 gr ,1.5 ,12 ,Amarillo
Caramelo Acido, 1 unidad ,0.5 ,10, Amarillo
caramelo ácido ,1 unidad (aprox 5 gr) ,0.5, 10, Amarillo
caramelo blando c/ leche light ,1 unidad (aprox 8 gr) ,0.75 ,9.25, Amarillo
caramelo duros light o pastillas light ,1 unidad ,0, 0, Verde
Caramelo light, 1 unidad, 0 ,5.5, Amarillo
caramelo masticable ,1 unidad (aprox. 5 gr), 0.5, 10, Amarillo
Caramelo relleno de dulce de leche ,1 unidad ,1 ,10, Amarillo
caramelos de goma, 1 sobre chico, 1.75, 11.5, Amarillo
caramelos rellenos c/ dulce de leche ,1 unidad (aprox. 7 gr) ,1 ,14.25, Amarillo
carne a la vinagreta, 1 rodaja gruesa (180 grs.) ,7.5, 4.25, Amarillo
carne picada común ,1 tza tipo té en crudo (aprox. 150 g) ,10.75 ,7.25, Amarillo
carne picada especial ,1 tza tipo té en crudo (aprox. 150 g), 6.5 ,4.25, Amarillo
carne bola de lomo ,1 churrasco (aprox. 150 gr) ,4.5, 3, Verde
carne cuadrada, 1 churrasco (aprox. 150 gr) ,3.75, 2.5 ,Verde
carne entraña ,1 rodaja gruesa (aprox. 150 grs.) ,6.5 ,4.25, Amarillo
carne falda o matambre ,1 rodaja gruesa (aprox. 150 gr) ,11 ,7.25, Amarillo
carne lomo  ,1 bife chico (150 gr), 3 ,2, Verde
carne ojo de bife ,1 rodaja gruesa (aprox. 150 gr) ,4 ,2.5, Verde
carne peceto, 1 rodaja fina (aprox. 50 gr), 0.75, 1.5, Verde
carne vacío , 1 rodaja gruesa ,7.5 ,3.75 ,Amarillo
castañas de cajú ,1 cda. sopera ó 12 u. (aprox. 10 gr), 1.5 ,15, Rojo
cebada pelada ,1 cucharada sopera (aprox. 10 gr) ,0.75, 7.5 ,Amarillo
cebolla ,1 unidad chica, 0, 0, Verde
cerdo chuletas, 1 porción de 100 gr, 5, 5, Amarillo
cerdo costillas, 1 porción de 100 gr ,5.5, 5.5, Amarillo
cerdo lomo, 1 rodaja (aprox. 150 gr) ,2.25, 1.5, Verde
cerdo pechito, 1 trozo (aprox. 125 gr) ,10.25, 8.25, Amarillo
Cereal muesli ,1 taza de te ,3, 9.5 ,Amarillo
cereales muesli, 1 sombrerito de yogurt ,3 ,30, Rojo
cereza  ,1 taza tamaño té (aprox. 100 grs.) ,1.25, 1.25, Verde
cerveza fuerte ,1 lata (aprox. 350 cm3) ,3.75, 1 ,Verde
cerveza light ,1 lata ,2, 0.5 ,Verde
cerveza negra ,1 lata ,4.25, 1.25, Verde
cerveza rubia ,1 lata (aprox. 350 cm3) ,3.25, 1, Verde
cerveza sin alcohol, 1 lata (aprox. 350 cm3) ,1.5, 0.5, Verde
Champagne extra brut ,1 copa ,2.5 ,1 ,Verde
champaña demi sec ,1 copa (aprox. 150 cm3), 2.5, 1.75, Verde
champaña dulce ,1 copa (aprox. 150 cm3), 3.75, 2.5, Verde
champaña extra brut, 1 copa (aprox. 150 cm3), 2.5, 1.75, Verde
chauchas ,1 taza tam. té en cocido (aprox.150 gr) ,1 ,0.75 ,Verde
chauchas enlatadas ,1 plato postre (aprox. 200 gr) ,1 ,0.5 ,Verde
chicle ,1 unidad ,0.5 ,25, Rojo
Chicle light, 1 unidad, 0, 5, Amarillo
chicles light, 1 unidad, 0, 0, Verde
chinchulín , 1 rulito (aprox. 50 gr) ,1.75 ,3.5, Amarillo
chizitos / maicitos, 1 taza tamaño té (aprox. 20 gr) ,3.5, 17.5, Rojo
choclo ,1 unidad chica (aprox. 125 gr) ,2.5 ,2, Verde
choclo congelado ,1 plato postre, 3 ,2, Verde
choclo enlatado, 1 plato postre (aprox. 150 gr), 2.5, 1.75, Verde
chocolate ,1 barrita (14 grs.) ,3 ,15, Rojo
Chocolate  0% Azucar Cormillot, 1 unidad ,1, 18, Rojo
chocolate c/ leche 0% azúcar Cormillot, 1 unidad ,1 ,16, Rojo
chocolate común ,1 unidad de 100 gr ,16.5, 16.5, Rojo
Chocolate con Cereal Sin azucar ,1 unidad ,3.5 ,15 ,Amarillo
chocolate con cereal sin azúcar  ,1 unidad, 3.5, 17.5, Rojo
chocolate con leche ,1 unidad chica (aprox. 25 gr) ,4 ,16, Rojo
Chocolate con leche 0% Azucar Cormillot, 1 unidad, 1, 16, Amarillo
chocolate con leche relleno c/yogur cereza y arroz inflado,1 unidad (aprox. 20 gr) , 3 ,15, Rojo
chocolate de tetrapack listo para beber (Cindor),1 vaso, 2.5 ,1.25, Verde
chocolate dietético bajo en azúcar, 1 unidad de 100 gr, 16.5 ,16.5, Rojo
chocolate dietético promedio ,1 unida (aprox. 20 gr) ,3 ,15 ,Rojo
chocolate light ,1 unida (aprox. 20 gr), 3 ,15, Rojo
chocolate light casero (leche descrem.+ 1cda. postre cacao amargo y edulc.), 1 vaso ,1, 0.5, Verde
chocolate negro amargo ,1 tableta, 6 ,30 ,Rojo
chocolate sin azúcar (georgalos) ,1 porción de 25 gr ,3 a 4, 12 a 16, Rojo
chop suey ,1 cazuela (aprox. 250 gr) ,3 ,1.25, Verde
chorizo ,1 unidad (aprox. 100 gr), 11.75, 11.75, Amarillo
chorizo colorado, 1 unidad (aprox. 100 gr) ,12.25 ,12.25, Amarillo
chorizo de pollo ,1 unidad , 9 ,11.25, Amarillo
chorizo light, 1 unidad (aprox. 100 gr) ,3 ,3, Verde
chow mien de pollo , 1 cazuela (aprox. 250 gr), 5.5, 2.2, Verde
chuleta de cordero  ,1 unidad (aprox. 100 gr) ,5 ,5 ,Amarillo
cindor light ,1 unidad de 200 cm3 ,2, 1 ,Verde
ciruela ,1 unidad (aprox. 50 gr.) , 0.5, 1, Verde
ciruela deshidratada, 1 orejón (aprox. 10 gr), 0.75, 7.5 ,Amarillo
cítricas frutas ,1 unidad chica ,1 ,2, Verde
Clara de huevo, 1 unidad ,0.5 ,1, Verde
clara de huevo , 1 unidad (aprox 35 g), 0.25, 0.75, Verde
cocktail de camarones ,1 copa ,1.5 ,1.25 ,Verde
cocktails bebida promedio, 1 vaso largo (aprox. 150 cm3), 3, 2, Verde
Cocktails promedio ,1 vaso largo, 3, 2, Verde
cóctel light (frutas enlatada) ,1 compotera chica (aprox. 150 gr) ,1, 0.75, Verde
cogñac (bebida destilada), 1 medida (aprox. 50 cm3) ,3 ,6 ,Amarillo
coliflor, 1 taza de té en cocido (aprox. 100 gr), 0 ,0 ,Verde
compota de frutas c/ edulcorante (hecha c/ ciruela durazno damasco pera),  5 unidades de frutas ,3.75 ,1.5, Verde
compota de manzana c/ edulcorante ,1 taza (aprox. 150 gr) , 1.5, 1 ,Verde
conejo ,1 porción de aprox 150 gr ,3, 2 ,Verde
conejo de pascua ,1 unidad chica (aprox. 20 gr) ,3.5, 17.5, Rojo
confites de chocolate ,1 paquete chico (aprox. 33 gr) ,5 ,15.25, Rojo
confites de maní con chocolate, 1 paquete chico (aprox. 20 gr) ,3 ,15, Rojo
cono de vainilla ,1 unidad (aprox. 95 gr) ,8.5, 9, Amarillo
copos de avena ,1 taza de té (aprox. 30 gr) ,3.5 ,11.75, Amarillo
copos de cereal de avena s/ azúcar,  1 taza de té  ,2 ,7 ,Amarillo
Copos de maiz ,1 taza de té ,3.5 ,12, Amarillo
copos de maíz ,1 taza de té (aprox. 30 gr), 3.75, 12.5, Amarillo
copos de salvado de trigo c/ chocolates y fresas (italianos),1 taza de té (aprox. 30 gr) ,3 ,10, Amarillo
cordero, 1 rodaja gruesa ,4.5 ,3, Verde
corvina ,1 filete grande (aprox. 150 gr), 2 ,1.25, Verde
cous cous ,1 cucharada sopera (aprox. 10 gr), 1, 10 ,Amarillo
crema de leche ,1 cucharada postre (aprox. 10 g) ,2 ,20, Rojo
crema de leche al 40 % , 1 cucharada de postre (aprox. 10 gr) ,1.75, 17.5 ,Rojo
crema de leche light ,1 cucharada de postre ,1 ,10, Amarillo
crema light 0% ,1 cda sopera (aprox. 15 gr) ,0 ,0 ,Verde
crema no láctea light para café  ,1 cda. tamaño té (aprox. 2 gr), 0.25, 12.5, Amarillo
crema no láctea para café , 1 cda. tamaño té (aprox. 2 gr) ,0.5 ,25, Rojo
cuadraditos de avena ,1 taza de té (aprox. 30 gr) ,3, 10, Amarillo
cuadraditos de dulce de leche light, 1 unidad (aprox. 18 gr) ,1.25, 7 ,Amarillo
Cuadril ,1 rodaja gruesa ,4.5 ,3, Verde
cuadril magro ,1 rodaja gruesa (aprox.150 grs.) ,4.75, 3.25, Amarillo
Cubanito Cormillot ,1 unidad ,0.5 ,12 ,Amarillo
cubanito helado ,1 unidad (aprox. 40 gr) ,3, 7.5, Amarillo
cubanito light Cormillot ,1 unidad (aprox. 5 grs.), 0.5, 10, Amarillo
cuscús ,1 plato tam. postre (aprox. 33 gr) ,3 ,9, Amarillo
daiquiri ,1 vaso largo (aprox. 150 cm3) ,6.75, 4.5, Amarillo
damasco ,1 unidad (aprox. 25 gr), 0.25, 1 ,Verde
damasco deshidratado ,1 orejón (aprox. 10 gr), 0.75, 7.5, Amarillo
dorado ,1 filete grande (aprox. 150 gr) ,2, 1.25 ,Verde
dulce de batata, 1 cassette de música (50 gr) ,3.5, 7, Amarillo
dulce de batata light ,1 cassette de música (aprox.50 grs.) ,1.75 ,3.5 ,Amarillo
Dulce de Leche ,1 Cda postre, 1 ,10, Amarillo
dulce de leche (light), 1 cda. tamaño postre (aprox. 10 gr), 0.5 ,5 ,Amarillo
dulce de leche común, 1 cda. tam. postre (aprox. 10 gr) ,0.75, 7.5, Amarillo
Dulce de leche light, 1 Cda postre ,0.5 ,5 ,Amarillo
dulce de membrillo ,1 cassette de música (aprox.50 grs.), 4, 8 ,Amarillo
dulce de membrillo light ,1 cassette de música (aprox.50 grs.) ,2, 4, Amarillo
durazno (fruta fresca), 1 unidad (aprox. 100 gr) ,1 ,1, Verde
durazno en almíbar light, 2 mitades (aprox. 100), 0.5, 0.5, Verde
durazno fruta deshidratada ,1 orejon (aprox. 10 gr) ,0.75 ,0.75, Verde
echalote ,1 plato postre, 0, 0 ,Verde
empanada de carne al horno, 1 unidad (aprox 120 gr), 6 ,5 ,Amarillo
empanada de carne frita, 1 unidad , 6.25, 5.25, Amarillo
empanada de jamón y queso al horno ,1 unidad  ,4.5, 3.75, Amarillo
empanada de jamón y queso frita ,1 unidad  ,6, 4 ,Amarillo
empanada de pollo al horno, 1 unidad (aprox 120 gr), 5, 4.25, Amarillo
empanada de pollo frita ,1 unidad  ,5.5, 4.5 ,Amarillo
empanada de verdura al horno, 1 unidad , 1.75 ,1.5, Verde
empanada gallega completa ,1 unidad completa ,7.5 ,3.75, Amarillo
ensalada César (Mc Donald) ,1 porción, 3.5, 1.75, Verde
ensalada César c/ crispy (Mc Donald) , 1 porción (aprox. 300 gr) ,8 ,3 ,Verde
ensalada César con pollo (Mc Donald) ,1 porción ,5 ,2 ,Verde
ensalada de frutas  ,1 taza con líquido (aprox. 280 gr) ,1.5 ,0.5, Verde
ensalada de frutas (c/ edulcorante) ,1 vaso (aprox. 200 gr), 1.75, 0.75, Verde
ensalada de frutas Cormillot light ,1 pote, 1.5, 1 ,Verde
ensalada de frutas enlatada s/ azúcar ,1 compotera chica (aprox. 150 gr) ,1.25, 0.75 ,Verde
ensalada de frutas sin azúcar ,1 compotera (150 gr), 1.25, 0.75, Verde
ensalada de la huerta (Mc Donald) ,1 porción (aprox. 200 gr), 2 ,1 ,Verde
ensalada Gourmet (Mc Donald) ,1 porción (250 gr), 4, 1.5, Verde
ensalada jardinera , 1 porción de 100 gr ,1 ,1 ,Verde
ensalada jardinera congelada, 1 plato postre (aprox. 150 gr) ,2.5 ,1.75, Verde
ensalada jardinera enlatada ,1 plato tamaño postre (aprox. 150 gr) ,1.75 ,1.25, Verde
ensalada primavera congelada ,1 plato postre (aprox. 150 gr), 2, 1.25 ,Verde
ensalada rusa ,1 plato postre ,6.5, 8.25, Amarillo
ensalada Waldorf común ,1 porción (aprox 175 gr) ,8.75, 5, Amarillo
ensalada Waldorf light ,1 porción (aprox 180 gr) ,5.75, 3.25, Amarillo
escarola, 1 plato tamaño postre (aprox. 50 gr) ,0 ,0, Verde
espárrago, 1 unidad ,0 ,0 ,Verde
espinaca ,1 taza grande en cocido, 0, 0, Verde
extracto de carne ,1 cucharada de postre (aprox. 10 gr) ,0.5, 5, Amarillo
factura con crema pastelera ,1 unidad (aprox. 50 gr) ,5.25 ,10.5, Amarillo
factura con dulce de leche, 1 unidad (aprox 50 gr), 6.5, 13, Amarillo
Facturas con dulce de leche, 1 unidad, 6.5, 14, Amarillo
facturas con dulce de membrillo, 1 unidad (aprox. 50 gr) ,5, 10, Amarillo
fainá ,1 porción ,6 ,8.5, Amarillo
fécula de maíz ,1 cucharada sopera (aprox. 10 gr), 0.75, 7.5, Amarillo
fideos ,1 plato tamaño postre (aprox 33 gr) ,3.75 ,11.25, Amarillo
fideos de sémola con gluten  ,1 plato postre (aprox 33 gr), 2.5, 7.5, Amarillo
fideos dietéticos ,1 plato tamaño postre (aprox 33 gr) ,2.5 ,7.5 ,Amarillo
fideos frescos de verduras ,1 plato tamaño postre (aprox 33 gr), 2.5 ,7.5, Amarillo
fideos secos integrales ,1 plato de postre, 3 ,3 ,Verde
fideos spaguetti seco de espinaca, 1 plato de postre ,3.5, 3.5, Amarillo
flan casero ,1 compotera chica (aprox. 125 gr) ,7, 5.5 ,Amarillo
Flan en polvo producto terminado ,1 compotera chica ,4, 3, Verde
flan hecho de polvo, 1 compotera chica (aprox. 120 gr) ,4 ,3.25, Amarillo
Flan Light ,1 unidad ,3 ,2.5, Verde
flan light Cormillot, 1 compotera chica (100 gr) ,0.75, 0.75, Verde
Flan light en polvo ,1 compotera chica ,2.5 ,2 ,Verde
flan light hecho de polvo  ,1 compotera chica (aprox. 120 gr) ,2.5, 2, Verde
flan light sabor vainilla  ,1 pote (aprox. 120 gr) ,3.25 ,2.75 ,Verde
frambuesa ,1 taza tamaño té (aprox. 100 grs.) ,1 ,1, Verde
fruta abrillantada, 1 porción de 100 gr ,5 ,5 ,Amarillo
Fruta deshidratada promedio ,1 orejon, 0.5 ,6, Amarillo
Fruta promedio, 1 rodaja o 1 unidad, 1.5, 1.5, Verde
Fruta seca ,promedio 10 almendras 15 manies o 5 mariposas de nuez., 1.5, 17 ,Rojo
Frutas Citricas ,1 unidad chica, 1, 1, Verde
frutas deshidratadas, promedio 1 orejon, 0.5, 10, Amarillo
Frutas envasadas light ,1 mitad, 0.25, 0.5, Verde
frutillas  ,1 taza tamaño té (aprox. 100 grs.) ,0.75, 0.75, Verde
frutillas c/ 1 cda. de crema ,1 taza (100 Cal), 3, 2 ,Verde
galletas de arroz, 1 unidad (aprox. 8 gr) ,1, 12.5, Amarillo
galletas de arroz arrocitas (cuadradas) ,3 unidades (corregido), 2.5, 16.75, rojo
galletita bañada en chocolate "Tita" , 1 unidad ,3.5 ,30, rojo
galletita de salvado light, 1 unidad (aprox. 7 grs.), 0.75, 10.75, Amarillo
galletita dulce ,1 unidad (aprox. 5 gr) ,1 ,20, rojo
galletita dulce rellena ,1 unidad (aprox. 10 gr) ,1.75, 17.5, rojo
galletita integral ,1 unidad (aprox. 5 grs.) ,0.5 ,10 ,Amarillo
galletita integral 50 % menos en grasa ,1 unidad (aprox. 5 grs.) ,0.5, 10, Amarillo
galletita integral light ,1 unidad (aprox. 5 grs.) ,0.5 ,10 ,Amarillo
galletita integral sin sal, 1 unidad (aprox. 5 grs.) ,0.5, 10, Amarillo
Galletita rellena bañada con chocolate ,1 unidad  ,3 ,15, Amarillo
galletita rellena bañada en chocolate, 1 unidad (aprox. 20 gr) ,3, 15, rojo
galletitas Club Social ,1 paquetito de 26 gr, 3 ,11.5, Amarillo
galletitas de agua, 1 porción de 100 gr, 16.5, 16.5, rojo
Galletitas de agua con o sin sal, 1 unidad ,1 ,16.5, Amarillo
galletitas de agua con sal ,1 unidad (aprox. 5 grs.) ,1 ,20, rojo
galletitas de agua light  ,1 unidad (aprox. 5 grs.) ,0.75 ,15 ,rojo
galletitas de agua sin sal ,1 unidad (aprox. 5 grs.) ,1, 20, rojo
galletitas de salvado bajo tenor graso ,6 unidades, 3, 8.5 ,Amarillo
galletitas de salvado Fargo ,1 unidad (aprox. 7,5 grs.), 0.75, 10, Amarillo
galletitas dulces 3 cereales light, 5 unidades ,2.5, 8.25, Amarillo
galletitas dulces con salvado ,3 unidades (aprox. 40 gr) ,4.25 ,10.75, Amarillo
galletitas dulces diet de Dietética Integral ,5 unidades (aprox. 30 grs.)  ,3 ,10, Amarillo
galletitas dulces light ,6 unidades (aprox. 23 grs.) ,3 ,13 ,Amarillo
galletitas dulces limón light ,1 unidad (aprox. 5 grs.), 0.5, 10, Amarillo
Galletitas dulces rellenas ,1 unidad, 2 ,17, Rojo
galletitas dulces rellenas con sabor limón ,1 unidad chica (aprox. 25 gr), 3.25, 13, Amarillo
galletitas dulces simples, 2 unidades (aprox. 27 gr) (407 Cal/100gr) ,2.75 ,10.25, Amarillo
galletitas dulces simples bajas en grasa ,6 unidades (aprox. 4 gr) ,0.5 ,12.5, Amarillo
galletitas frutigran ,3 unidades, 4 ,8.75, Amarillo
Galletitas integral con o sin sal ,1 unidad ,0.5, 12.5, Amarillo
galletitas saladas ,1 paquete de 3 unids. (aprox. 25 gr) ,4.25, 17, rojo
galletitas saladas integrales ,1 paquete de 3 unids. (aprox. 25 gr) ,4.25, 17, rojo
galletitas saladas integrales tipo snack,1 paquete de de 3 unid. (aprox. 25 gr) ,4.25, 17, rojo
galletitas saladas tipo snack ,1 paquete de de 3 unid. (aprox. 25 gr), 4.25, 17, rojo
Galletitas Vainillas ,1 unidad ,2 ,13, Amarillo
garbanzos, 1 taza de té en cocido (aprox 33 gr), 2.5, 7.5, Amarillo
garrapiñadas, 10 unidades, 2 ,20, rojo
garrapiñadas de almendras ,1 cda. sop. (10 unid.) (aprox. 15 grs.), 2 ,13.25, Amarillo
gaseosa cola común, 1 vaso (aprox. 250 cm3) , 3 ,1.25, Verde
gaseosa cola light ,1 vaso (aprox. 250 cm3) , 0 ,0 ,Verde
gaseosa común ,1 vaso (aprox. 250 cm3)  ,3, 1.25, Verde
gaseosa light sabor naranja , 1 vaso (aprox. 250 cm3)  ,0 ,0, Verde
gaseosa lima limón , 1 vaso (aprox. 250 cm3) , 2.75 ,1 ,Verde
gaseosa lima limón light ,1 vaso (aprox. 250 cm3) , 0, 0 ,Verde
gaseosa naranja , 1 vaso (aprox. 250 cm3) , 3.75, 1.5, Verde
Gaseosas Cola ,1  vaso ,3, 1, Verde
Gelatina en polvo producto terminado ,1 compotera chica, 2, 1.5, Verde
gelatina hecha de polvo para postre  ,1 compotera chica (aprox. 120 gr) ,2, 1.75, Verde
Gelatina Light en polvo, 1 compotera chica, 0, 0, Verde
gelatina light hecha de polvo para postre , 1 compotera chica (aprox. 120 gr), 0, 0 ,Verde
germen de trigo, 1 cucharada sopera (aprox. 8 gr), 0.5, 6.25, Amarillo
gin & tonic ,1 vaso largo (aprox. 150 cm3) ,2.75, 1.75, Verde
gin (bebida destilada) ,1 medida (aprox. 50 cm3), 3, 6, Amarillo
girasol tostado (Pipas) ,1 paquetito ,3, 30, rojo
granola ,1 taza tamaño té (aprox. 30 gr) ,2.75, 9.25, Amarillo
grisines ,1 unidad (aprox. 5 grs.) ,0.5, 10, Amarillo
grisines de gluten sin sal ,1 unidad (aprox. 5 grs.) ,0.5, 10, Amarillo
grisines de salvado ,10 unidades (aprox. 16 gr), 1.75 ,11 ,Amarillo
grisines sin sal ,1 unidad (aprox. 5 grs.), 0.5, 10, Amarillo
grisines trisalvado Cormillot ,1 unidad (aprox. 5 grs.) ,0.5 ,10 ,Amarillo
grosellas ,1 taza tamaño té (aprox. 150 gr), 1.5, 1, Verde
guayaba ,1 unidad (aprox. 25 grs.) ,0.25, 1, Verde
guinda ,1 taza tamaño té (aprox. 100 gr) ,0.5, 0.5, Verde
guiso de arroz, 1 plato hondo (200 gr) ,9 ,4.5 ,Amarillo
guiso de lentejas, 1 plato hondo (200 gr) ,9 ,4.5, Amarillo
habanitos cubiertos de chocolate, 1 unidad (aprox 5 gr) ,0.75, 15, rojo
habas , 1 taza tam. té cocidas (aprox. 33 grs.) ,2.25, 6.75, Amarillo
Hamburguesa ,1 unidad, 6, 8, Amarillo
hamburguesa  ,1 unidad (aprox. 80 gr), 6 ,7.5, Amarillo
hamburguesa comercial light  ,1 unidad (aprox. 80 gr) ,4 ,5, Amarillo
hamburguesa de pescado, 1 unidad ,3 ,4.25, Amarillo
hamburguesa de pescado c/ espinaca, 1 unidad ,2, 2.5, Verde
hamburguesa de soja ,1 unidad (aprox. 80 gr) ,2.5, 3.25, Amarillo
Hamburguesa light ,1 unidad ,3.5, 4.5, Amarillo
hamburguesa light Cormillot, 1 unidad (aprox. 80 gr), 3, 3.75, Amarillo
harina de avena ,1 cucharada sopera (aprox. 10 gr) ,1, 10 ,Amarillo
Harina de trigo ,1 cda sopera ,1 ,11, Amarillo
harina de trigo común ,1 cucharada sopera (aprox. 10 gr) ,1, 10, Amarillo
harina de trigo integral, 1 cucharada sopera (aprox. 10 gr) ,0.75 ,7.5, Amarillo
helado cono de vainilla ,1 unidad (aprox 120 gr), 7, 5.75, Amarillo
helado de agua ,1 bocha o palito (100 gr) (94 cal), 2.75 ,2.75, Verde
helado de agua light ,1 unidad (aprox. 70 cc) ,2.5, 3.5, Amarillo
helado de crema ,1 bocha o 1 palito (aprox. 100 gr), 5.5, 5.5 ,Amarillo
helado de crema americana light c/ mermelada de frutilla,1 unidad (80 Cal.) ,2, 2.5, Verde
helado de fruta ,1 bocha o palito (100 gr) ,3 ,3, Verde
Helado Diet Cormillot ,1 pote individual, 2.5, 2, Verde
Helado Diet Freddo ,1 bocha ,2 ,2 ,Verde
helado light, 1 bocha (aprox. 100 gr) ,2.5, 2.5, Verde
Helado Light Cormillot ,1 pote individual ,4, 3, Verde
helado light Cormillot choc. y d. de leche, 1 pote individual (aprox. 125 gr), 4, 3.25, Amarillo
helado light de crema c/ salsa de frutilla ,1 pote (aprox. 80 gr), 2, 5 ,Amarillo
helado light de limòn ,1 bocha ,2.75 ,4.5, Amarillo
helado light Freddo ,1 bocha ,3.5, 6, Amarillo
helados diet Cormillot ,1 pote individual ,2.5, 2, Verde
Higado ,1 bife chico, 2.5, 2.5, Verde
hígado bife ,1 porción chica (aprox.100 grs.), 2.75, 2.75 ,Verde
higo, 1 unidad (aprox. 50 gr) ,0.5, 1, Verde
higo (fruta fresca) ,2 unidades ,1.5 ,0.75, Verde
higo deshidratado ,1 orejón (aprox. 10 gr), 0.75 ,7.5, Amarillo
hinojo, 1 unidad chica, 0, 0, Verde
hongos ,1 plato tamaño postre (aprox. 50 gr) ,0 ,0 ,Verde
Hortalizas promedio ,1 taza grande en cocido, 0, 0 ,Verde
huevito de pascuas de 8 gr ,1 unidad de 8 gr ,1.25 ,15.5, rojo
Huevo ,1 unidad, 2, 4 ,Amarillo
huevo , 1 unidad (aprox. 50 g), 2.25 ,4.5, Amarillo
huevo de codorniz ,1 unidad ,0.5, 1.75 ,Verde
huevo de pascua de 30 gr ,1 unidad (aprox. 30 gr), 5.25, 17.5, rojo
huevo de pascua de 50 gr ,1 unidad mediana (aprox. 50 gr) ,8.25, 16.5, rojo
huevo omega 3 ,1 unidad (aprox. 50 g), 2, 4, Amarillo
jalea ,1 cucharada de postre (aprx. 10 gr) ,0.75 ,7.5 ,Amarillo
Jamon cocido,1 feta ,1.5, 5, Amarillo
jamón cocido ,1 feta (aprox. 15 gr) ,0.75, 5, Amarillo
jamón crudo ,1 feta (aprox 15 gr) ,2.5 ,16.75 ,rojo
jerez dulce ,1 medida (aprox. 50 cm3), 1.75, 3.5, Amarillo
jugo Baggio light de manzana ,1 envase individual ,2.5 ,1.25, Verde
jugo Cítric de naranja (no es dietético) ,100 cm3, 1 ,1 ,Verde
jugo de frutas envasado ,1 envase (aprox. 250 cm3) ,3 ,1.25 ,Verde
jugo de frutas envasado light, 1 envase (aprox. 250 cm3) ,1, 0.5, Verde
jugo de limón, 1 cucharada de postre (aprox 10 gr) ,0, 0, Verde
Jugo de manzana envasado, 1  vaso ,2.5, 1, Verde
jugo de manzana envasado (comercial) ,1 vaso (aprox. 250 cm3), 2.75, 1, Verde
Jugo de naranja envasado, 1  vaso ,3 ,1.5, Verde
jugo de naranja exprimido, 1 vaso con 2 unid. (aprox. 250 cm3), 2, 2, Verde
jugo de naranja light envasado , 1 vaso (aprox. 250 cm3) ,4.25, 1.75, Verde
jugo de soja común sabor natural, 1 vaso (aprox. 250 cm3), 2, 1, Verde
jugo de soja saborizada  ,1 vaso (aprox. 250 cm3) ,2.5, 1.25, Verde
Jugo de soja saborizado light, 1  vaso ,1, 0.5, Verde
jugo en polvo, 1 vaso (aprox. 250 cm3), 4.25, 1.75, Verde
jugo en polvo light, 1 vaso (aprox. 250 cm3) ,0 ,0 ,Verde
jugo envasado de frutas, 1 vaso (aprox. 250 cm3) ,2.5, 1.25, Verde
jugo envasado light ,1 vaso (aprox. 250 cm3), 1, 0.5, Verde
jugo light de soja ,1 vaso (aprox. 250 cm3), 0.5, 0.25, Verde
jugo para diluir ,1 vaso (aprox. 250 cm3) ,0.5, 0.25, Verde
jugo para diluir ditético, 1 vaso (aprox. 250 cm3), 0, 0 ,Verde
jurel al natural ,1 porción de 100 gr ,0.5, 0.5, Verde
kani kama (surimi), 1 unidad (aprox. 18 grs.) ,0.25, 13.75, Amarillo
ketchup ,1 cda. Tam. postre (aprox. 10 gr) ,0 ,0 ,Verde
kiwi ,1 unidad (aprox.65 gr) ,0.5, 0.75, Verde
krill ,1 taza tamaño té,  1.5, 1.5, Verde
langostino, 1 unidad (aprox. 75 gr), 0.75, 1 ,Verde
leche chocolatada común, 1 vaso o cartoncito (aprox. 200 cm3.), 3.5, 1.75, Verde
leche chocolatada light ,1 vaso o cartoncito (aprox. 200 cm3.) ,1.5 ,0.75 ,Verde
leche con CLA, 1 taza tamaño té  ,1 ,0.75, Verde
leche con omega 3 y fitoesteroles,  1 taza tamaño té (aprox. 200 cm3.), 0.75, 1.5, Verde
leche de soja, 1 taza tamaño té , 2, 1.25, Verde
Leche Decremada fluida ,1 taza té,0.5, 0.25, Verde
Leche descr. Ser con frutos del trópico, 1 vaso (aprox. 200 cm3) ,0.5, 1, Verde
leche descremada en polvo ,1 cucharada sopera (aprox. 20 gr), 0.75, 3.75, Amarillo
leche descremada fluida ,1 taza tamaño té (aprox.200 gr) ,0.5 ,0.25, Verde
Leche entera ,1 taza  té ,3 ,1.5, Verde
leche entera en polvo ,1 cucharada sopera (aprox. 20 gr), 2.75, 13.75, Amarillo
leche entera fluida ,1 taza tamaño té (aprox.200 gr) ,3.25, 1.5 ,Verde
leche fermentada light, 1 vaso, 1, 0.5, Verde
leche fermentada light c/ prebióticos ,1 botellita de 100 gr , 0.25, 0.25, Verde
leche parcialmente descremada ,1 vaso (aprox. 200 cm3), 1.75 ,0.75, Verde
leche parcialmente descremada en polvo ,1 cucharada sopera ,1.5 ,18.75, rojo
leche parcialmente descremada extra calcio deslactosada,1 tza tamaño té (aprox. 200 cm3) ,1.5 ,0.75, Verde
leche parcialmente descremada fortificada c/ calcio,1 vaso (aprox. 200 cm3) ,1.5, 0.75, Verde
lechuga ,1 plato tamaño postre (aprox. 50 gr), 0 ,0, Verde
Legumbres promedio ,1 taza de te en cocido ,2, 6, Amarillo
lengua a la vinagreta, 1 rodaja gruesa (180 grs.), 7.5 ,4.25, Amarillo
lenguado ,1 filet grande ,1.5 ,3, Amarillo
lentejas ,1 plato tamaño postre (aprox. 33 gr. en cocido), 2.25, 6.75, Amarillo
lentejas de chocolate ,1 paquete chico (aprox. 20 gr), 3, 15, rojo
Levadura de cerveza ,1 cda sopera ,0.5, 4.5, Amarillo
levadura de cerveza  ,1 cucharada sopera (aprox. 10 gr), 0.75 ,7.5 ,Amarillo
levadura de cerveza seca Cormillot ,1 cucharada tipo té, 0.25 ,8.25, Amarillo
licor, 1 medida (aprox. 50 cm3) ,3 ,6, Amarillo
Licores ,1 medida, 3, 6, Amarillo
licuado c/ azúcar y leche entera, 1 vaso (aprox. 250 cm3) ,6.25, 2.5, Verde
licuado light de durazno ,1 vaso (aprox. 250 cm3) ,1 ,0.5, Verde
limón, 1 unidad (aprox. 100 grs.) ,0.5, 0.5, Verde
longaniza, 1 unidad (aprox. 100 grs.) ,12.5, 12.5, Amarillo
magdalena de chocolate con relleno de dulce de leche ,1 unidad (aprox. 35 gr) ,4.75, 13.5, Amarillo
magdalena de vainillas ,1 unidad (aprox. 30 gramos), 4.5, 15, rojo
maíz inflado, 1 paquete chico o 1 taza de té  ,1.75, 12, Amarillo
maíz inflado azucarado, 1 taza tam té o 1 paquete chic (aprox. 10 gr) ,1.75 ,17.5, rojo
malta ,1 cda. tamaño postre (aprox. 10 gr) ,0.25 ,2.5, Verde
mandarina ,1 unidad chica (aprox 50 g) ,0.5 ,1 ,Verde
mandioca ,1 unidad chica (aprox. 100 gr) ,3.75, 3.75, Amarillo
mango ,1 unidad (aprox. 100 gr), 1.5, 1.5, Verde
maní, 1 cda sopera o 15 unid. (aprox. 10 gr) ,1.75, 17.5, rojo
Mani con chocolate ,1 Paquete chico , 3 ,15, Amarillo
maní con chocolate ,1 paquete chico (aprox. 20 gr) ,3, 15, rojo
manteca ,1 cucharada de postre (10 gr) ,3.75, 37.5 ,rojo
manteca light ,1 cucharada de postre (aprox. 10 gr) ,1.5, 15, rojo
mantecol (barra pasta de maní), 1 unidad de 25 gr, 4, 16, rojo
manzana (fruta fresca) ,1 unidad  chica (aprox 100 gr) ,1, 1, Verde
manzana asada ,1 unidad media. (aprox. 100 gr 60 cal) ,1, 0.75, Verde
manzana deshidratada Cormillot ,1 paquete (20 gr) ,2 ,10, Amarillo
manzana fruta deshidratada, 1 orejón (aprox. 10 gr), 0.75, 7.5, Amarillo
manzana verde , 1 unidad  (aprox 100 gr), 1, 1, Verde
margarina ,1 cucharada de postre (aprox 10 gr), 3.5, 35, rojo
Margarina % trans con o sin omega 3, 1 Cda postre ,3 ,28 ,Rojo
margarina 0% trans c/ calcio ,1 cucharada de postre (10 gr), 2, 20, rojo
Margarina 0% Trans promedio ,1 Cda postre, 1.5, 16, Amarillo
margarina 0% trans s/ sal y c/ fibras, 1 cucharada de postre (10 gr), 1, 10, Amarillo
margarina light ,1 cucharada de postre (10 gr) ,2.75, 27.5, rojo
margarina light con calcio ,1 cucharada de postre (10 gr), 2.5, 25, rojo
margarina light o% trans promedio (conomega 3 calcio fibra y fitoestanoles),1 cucharada de postre (10 gr), 1.5 ,15 ,rojo
margarina sin trans c/ omega 3, 1 cucharada de postre (10 gr) ,3 ,30, rojo
margarina sin trans con omega 3, 1 cda. de postre (aprox. 10 gr) ,3.75, 37.5, rojo
mariscos, 1 taza tamaño té (aprox. 150 gr) ,1.25, 0.75, Verde
masa de canelón ,1 unidad (aprox. 27 gr) ,3, 11, Amarillo
masa light para empanadas ,1 unidad (aprox. 30 gr), 3 ,10, Amarillo
masa light para tarta , 1 porción c/ 1 tapa (aprox. 30 gr) ,3 ,10, Amarillo
masa para empanadas ,1 unidad (aprox. 30 gr) ,4 ,13.25, Amarillo
masa para lasagna, 1 porción (aprox. 80 gr) ,7, 8.75, Amarillo
masa para tarta ,1 porción c/ 1 tapa (aprox. 30 gr) ,4 ,13.25, Amarillo
mayonesa, 1 cda. tamaño postre (aprox. 10 gr), 2.5, 25, rojo
mayonesa de ave ,1 plato de postre ,7 ,8.75, Amarillo
mayonesa Hellman Deleite ,1 porción de 28 gr ,1 ,8.25, Amarillo
mayonesa light ,1 cda sopera (aprox. 15 gr) ,0.75, 5 ,Amarillo
medallon de espinaca (vegetalex) ,1 unidad ,2.5, 3.5, Amarillo
medallón de menta light, 1 unidad de 20 gr ,1 ,5, Amarillo
medallones de pollo c/queso frito ,1 unidad ,6, 7.5, Amarillo
medialuna ,1 unidad chica (aprox 35 gr) ,4.75, 13.5, Amarillo
Medialunas ,1 unidad chica ,4.5, 13.5, Amarillo
medialunas light ,1 unidad (25 gr) ,2.5 ,10, Amarillo
mejillones al natural ,1 taza tamaño te (aprox. 200 gr) ,1.25, 0.75, Verde
melón, 1 tajada 2 dedos de grosor (aprox. 100 gr) ,0.5 ,0.5 ,Verde
merluza ,1 filet grande (aprox. 150 gr) ,1.5, 1 ,Verde
mermelada  ,1 cda. tamaño postre (aprox. 10 gr) ,0.75 ,7.5 ,Amarillo
mermelada light ,1 cda. tamaño postre (aprox. 10 gr) ,0.25 ,2.5, Verde
Mermeladas, 1 Cda postre, 0.75, 7.5, Amarillo
miel ,1 cucharada de postre (aprox. 10 gr) ,0.75, 7.5, Amarillo
mignón de pan francés ,1 unidad (40 gr) ,3.75 ,9.25, Amarillo
mignón de pan integral, 1 unidad (40 gr) ,2.5 ,6.25 ,Amarillo
mijo ,1 cda. sopera (aprox. 10 gr) ,0.75, 7.5, Amarillo
milanesa de carne al horno ,1 unidad mediana (100 gr) ,5 ,5, Amarillo
milanesa de carne frita ,1 unidad chica ,8 ,8 ,Amarillo
milanesa de pollo al horno, 1 unidad de 150 gr ,7 ,4.75, Amarillo
milanesa de pollo frita ,1 unidad chica ,4, 5.5, Amarillo
milanesa de soja ,1 unidad (aprox. 80 gr), 3, 3.75, Amarillo
miso ,1 taza tamaño té  ,2, 10, Amarillo
molleja, 1 unidad chica (aprox. 50 gr), 3.75, 7.5, Amarillo
mondongo, 1 porción de 100 gr ,3, 3 ,Verde
mora ,1 taza tamaño té (aprox. 150 gr) ,1.5 ,1 ,Verde
morcilla ,1 unidad (aprox. 100 gr) ,8.25, 8.25, Amarillo
morrones enlatados  ,1 mitad, 0, 0, Verde
mortadela ,1 feta (aprox. 15 gr) ,1.5, 10, Amarillo
mostaza ,1 cda. tamaño postre (aprox. 10 gr), 0 ,0 ,Verde
mousse de limón light Cormillot ,1 pote ,2 ,1.75, Verde
mousse de queso light c/ colchón de fruta Nestle,1 porción de aprox 100 gr, 3.25, 3.25, Amarillo
mousse de queso light Cormillot ,1 pote individual (aprox. 100 gr) ,1.5, 1.5, Verde
Mousse en Polvo producto terminado, 1 compotera chica ,9, 7.5, Amarillo
mousse hecho de polvo para postre ,1 compotera chica (aprox. 120 gr) ,9, 7.5, Amarillo
Mousse light, 1 pote o 1 compotera ,4.5 ,3, Verde
mousse light , 1 compotera (aprox. 100 gr) ,3.25, 3.25, Amarillo
mousse light sabor cheesecake, 1 pote (aprox. 100 gr) ,1.75, 1.75, Verde
mozzarella, 1 cassette de música (aprox.50 grs.) ,4.5, 9 ,Amarillo
mozzarella light, 1 cassette de música ,3 ,6, Amarillo
mozzarella magra sin sal, 1 cassette de música (aprox.50 grs.) ,3, 6, Amarillo
muesli, 1 taza tipo té (aprox. 30 gr), 2.75, 9.25, Amarillo
multicereal Cormillot fortificado, 1 porción de 40 gr o 3 cdas soperas ,3 ,7.5, Amarillo
muslo de pavo sin piel,1 porción de 150 gr ,5.5 ,3.75, Amarillo
muslo de pollo sin piel ,1 unidad mediana (aprox. 100 grs.), 2 ,2, Verde
nachos ,1 taza tamaño té (aprox. 20 grs.) ,3.25, 16.25, rojo
naranja (fruta) ,1 unidad chica (aprox. 100 grs.), 1, 1, Verde
naranja grande (fruta) ,1 unidad grande (150 gramos), 1.5, 1, Verde
nueces, 5 mariposas o 1 cda. sopera (10 gr) ,1.5, 15, rojo
ñoquis de calabaza, 1 plato postre ,6, 10, Amarillo
ñoquis de papa ,1 plato postre (aprx. 60 gr) ,5 ,8.5, Amarillo
ñoquis de zapallo ,1 plato playo (150 gr), 6, 4, Amarillo
ñoquis light de espinaca ,1 plato tamaño postre (aprox.60 gr) ,3.5, 5.75, Amarillo
omellette de jamón y queso light c/ rocío veg,1 porción (aprox. 150 gr) ,3, 2, Verde
omellette jamón y queso light c/ aceite ,1 porción (aprox. 140 gr), 7.5, 5.25, Amarillo
orejones de durazno ,1 paquete chico ( aprox. 30 gr), 2.25 ,7.5, Amarillo
paleta ,1 feta (aprox. 25 gr) ,0.5, 2, Verde
palitos salados ,1 taza tamaño té (aprox. 40 gr), 7.75, 19.5, rojo
palmitos, 1 unidad (aprox. 50 gr), 0, 0 ,Verde
palta ,1 unidad chica (aprox. 100 gr) ,5.25, 5.25, Amarillo
Pan Arabe ,1 unidad chica, 4 ,8 ,Amarillo
pan árabe, 1 unidad chica (aprox. 50 gr) ,4.5, 9, Amarillo
pan baguette ,1 rodaja (aprox. 25 gr), 2.25, 9, Amarillo
pan blanco light c/ fitoesteroles ,1 rebanadas (aprox. 50 gr) ,4.25, 8.5, Amarillo
pan de centeno ,1 rodaja (aprox. 25 gr), 1.75, 7, Amarillo
Pan de salvado, 1 rodaja, 2, 6.5, Amarillo
pan de salvado  ,1 rebanada (aprox. 25 gr) ,1.75, 7, Amarillo
pan de salvado light ,1 rodaja (aprox. 25 gr) ,1.25, 7 ,Amarillo
pan dulce ,1 rodaja mediana (aprox. 100 gr), 12.75, 13, Amarillo
Pan frances ,1 rodaja ,2.5, 9, Amarillo
pan francés (mignon), 1 mignon (aprox. 40 gr), 3.75, 9.5, Amarillo
pan francés (rodaja), 1 rodaja (aprox. 25 grs.), 2.25, 9 ,Amarillo
pan integral , 1 mignon (aprox. 40 gr) ,2.5, 6.25, Amarillo
pan integral doble salvado c/ fitoesteroles ,1 rebanada (aprox. 25 gr), 3.25, 13, Amarillo
pan lactal blanco ,1 rodaja (aprox. 25 gr) ,2.25, 9, Amarillo
pan lactal blanco light ,1 rodaja (aprox. 25 gr), 1.75, 7 ,Amarillo
pan lactal integral, 1 rodaja (aprox. 25 grs.) ,1.75, 7, Amarillo
Pan miñon de pan Frances, 1 unidad, 3.5, 9, Amarillo
Pan miñon integral, 1 unidad ,2.5 ,6 ,Amarillo
pan rallado, 1 cucharada sopera (aprox. 10 gr) ,1.5, 15, rojo
panceta ahumada ,1 feta (aprox. 25 gr), 4.5, 18, rojo
panqueque light de ricota ,1 unidad chica (150 cal.) ,3, 6, Amarillo
Papa ,1 unidad chica ,2.5, 2 ,Verde
papa , 1 unidad chica (aprox. 120 grs.) ,2.5, 2, Verde
papas bastón congeladas ,1 plato postre (aprox. 200 gr), 9, 4.5, Amarillo
papas fritas ,1 porción mediana (110 gr) ,9.5, 8.75, Amarillo
papas fritas aireadas reducidas en grasas, 1 paquete chico (21 gr) (95 cal) ,3 ,14.25, Amarillo
papas fritas envasadas (de copetín) ,1 paquete chico (aprox. 20 grs.), 4, 20, rojo
papas fritas sin sal ,1 taza de té (aprx. 25 gr) ,4.5, 18, rojo
papas light (horneadas) ,1 paquete chico (aprox. 20 grs.) ,3, 15, rojo
papaya, 1 unidad chica (aprox. 100 grs.), 0.75, 0.75, Verde
paragüitas de chocolate, 1 unidad (aprox. 12.5 gr) ,2, 16, rojo
pasas de uva, 1 cucharada sopera (aprox. 10 gr) ó 20 unidades , 0.75 ,7.5, Amarillo
pasas de uva bañadas en chocolate ,10 unidades , 1, 10, Amarillo
pasta de maní ,1 tableta chica (aprox. 25 gr) ,3.75, 15, rojo
pastas al huevo (plato playo) ,1 plato playo (aprox. 70 gr) ,8.75, 12.5, Amarillo
pastas al huevo (plato postre) ,1 plato postre (aprox. 33 gr) ,3.75, 11.25, Amarillo
pastel de papas con aceite ,1 plato postre (aprox. 150 gr) ,15, 10, Amarillo
pastelitos fritos c/ dulce de memb. o batata,1 unidad (aprox. 50 gr) ,7, 14, Amarillo
pastillas light, 1 unidad ,0 ,0, Verde
pastrón ,1 feta (aprox 15 gr), 0.5, 3.25, Amarillo
paté de foie ,1 cucharada de postre (aprox. 10 gr), 1.25, 12.5, Amarillo
patitas de pollo, 3 unidades (aprox. 90 gr) ,5.75, 6.5, Amarillo
pebete de jamón y queso, 1 unidad ,7.5, 3.75, Amarillo
Peceto ,1 rodaja fino ,0.75, 1.5, Verde
peceto al champiñón, 3 rodajas finas (150 gr) ,3, 2, Verde
pechuga de pavo con piel, 1 unidad mediana ,6 ,4,Amarillo
pechuga de pavo sin piel ,1 porción de 150 gr ,3.75, 2.5, Verde
pechuga de pollo sin piel ,1 unidad mediana (aprox. 200 gr) ,3, 1.5, Verde
pelón ,1 unidad (aprox.100 gr), 1.5, 1.5, Verde
pepino ,1 unidad  ,0, 0, Verde
pera (fruta fresca) ,1 unidad (aprox. 100 grs.), 1.25, 1.25, Verde
pera asada ,1 unidad media. (aprox. 100 gr 60 Cal), 1, 1, Verde
peras en almíbar , 1 mitad (aprox. 50 gr) ,1.5, 3, Verde
peras en almíbar light, 1 mitad (aprox. 50 gr) ,1 , 2 ,Verde
perejil ,1 cucharada sopera, 0, 0, Verde
pez espada ,1 filete grande (aprox. 150 gr) ,3.5, 2.25, Verde
piñón ,1 cda. sopera o 60 unidades. , 2.25 ,22.5, rojo
piñones ,1 cda. sopera o 60 unidades, 2 ,8, Amarillo
pistachio ,1 cda. sopera o 15 unid. (aprox. 10 gr), 1.5, 15, rojo
pizza a la calabresa c/muzz. y salamín ,1 porción, 8.5, 7, Amarillo
pizza casera a la piedra con fiambre ,1 porción ,7, 7, Amarillo
pizza casera c/salsa de tomate y muzzarella light o queso light,1 porción ,5.25, 5.25, Amarillo
pizza de rùculla provolone y panceta ,1 porciòn, 9.10 ,7.5, Amarillo
pizza integral casera con muzzarella light tomate y lechuga,1 porción ,3.75, 3.75, Amarillo
pizza integral con acelga y salsa blanca ,1 porciòn ,2.25 ,2 ,Verde
pizza integral con zapallitos y berenjenas ,1 porción, 2.5, 2, Verde
pizza muzzarella comprada ,1 porción ,9.25, 9.25, Amarillo
pizza s/queso c/salsa de tomates atún y camarones,1 porción ,3.5, 3, Verde
pizza s/queso c/salsa de tomates vegetales ,1 porción ,3.25, 2.75, Verde
pochoclos ,1 paquete chico (aprox. 20 gr) ,3 ,15, rojo
polenta ( Harina de Maíz) ,1 plato postre, 4 ,11.5, Amarillo
polenta instantánea ,1 plato tamaño postre (aprox. 33 gr) ,4 ,12.25, Amarillo
polenta sola ,1 plato tipo postre , 4, 12.25, Amarillo
pollo a la portuguesa, 1/4 de pollo (aprox.150 grs.), 6, 4, Amarillo
pollo con piel, 1/4 pollo, 9, 4.5, Amarillo
pollo con piel sin hueso ,1/4 pollo (aprox. 200 gr), 11, 5.5, Amarillo
Pollo sin piel ni hueso ,1/4 de pollo ,3, 2, Verde
pollo sin piel y sin hueso ,1 porción de 1/4 de pollo, 3.5 ,2.25, Verde
pollo muslo sin piel, 1 unidad mediana, 2, 2, Verde
polvo Royal ,1 cda. de postre (aprox. 10 gr) 5 cr c/100 gr, 0.5, 5, Amarillo
pomelo ,1 unidad (aprox. 150 gr) ,1, 0.75, Verde
porotos , 1 taza tam. té cocido (33 gr en crudo), 2, 6, Amarillo
porotos cocidos ,1 taza tamaño té ,2, 2.5, Verde
porotos de soja ,1 taza tam. té cocido (33 gr en crudo), 2.25, 2.75, Verde
postre de chocolate c/ d.de leche ,1 pote chico (aprox. 130 gr), 5.25, 4, Amarillo
postre de leche ,1 pote chico ,4.5, 3.75, Amarillo
postre de leche de chocolate light, 1 unidad (65 cal.), 1 ,0.75, Verde
postre de leche light, 1 pote (aprox. 130 gr) ,2.5, 2, Verde
Postre en polvo producto terminado ,1 compotera chica, 4 ,3.5, Verde
postre hecho de polvo para postre ,1 compotera chica (aprox. 120 gr) ,4 ,3.25, Amarillo
Postre Light en polvo ,1 compotera chica ,3.5, 3 ,Verde
postre light hecho de polvo para postre ,1 compotera chica (aprox. 120 gr), 3.5, 3, Verde
postre Ser de dulce de leche o chocol., 1 pote ,2.5, 2 ,Verde
postre Shimi (no diet) , 1 pote, 4.5, 3.75, Amarillo
Postres de leche ,1 pote chico ,4.5 ,3 ,Verde
producto para copetín promedio ,1 taza de té, 4, 16, rojo
puerro ,2 unidades, 0, 0, Verde
puré de calabaza con aceite ,1 plato postre ,4.5, 2.25, Verde
puré de papa con aceite, 1 plato postre, 6, 3, Verde
puré de papa con leche descremada ,1 plato postre (aprox. 150 gr) ,3, 2, Verde
queso blanco entero, 2 cucharadas de postre (aprox. 20 g) ,2, 10, Amarillo
queso blanco semidescremado ,1 cucharada de postre (aprox. 10 g) ,0.5 ,5, Amarillo
queso blanco untable descremado, 1 cucharada de postre (aprox. 10 g), 0.25, 2.5, Verde
queso cheddar ,1 dadito , 3.25 ,16.25, rojo
Queso crema Blanco entero ,1 cda.   postre ,1 ,10, Amarillo
queso cremoso light Sancor, 1 cassette de música (50 gr), 2, 4, Amarillo
queso cuartirolo ,1 cassette de música (50 gr) ,4.5, 9, Amarillo
queso cuartirolo descremado Verónica ,1 cassette de música (50 gr), 1 ,2, Verde
queso dambo magro Cormillot, 1 feta (aprox. 15 gr) ,0.75, 5, Amarillo
queso de máquina ,3 fetas (aprox. 30 gr) 3 de 10 gr o 2 de 15 gr ,2 ,6.75, Amarillo
queso en hebras light ,1 cda. sopera (aprox. 10 gr), 0.75, 7.5, Amarillo
queso finlandia light 7%, 1 cucharada de postre, 0.75, 7.5, Amarillo
queso fundido entero ,1 cucharada de postre (10 gr) ,1, 10, Amarillo
queso fundido light, 1 cucharada de postre (10 gr), 0.5 ,5, Amarillo
queso fundido light en triángulo ,1 triángulo (aprox. 25 g), 1.25, 5, Amarillo
queso mini Fimbo ,1 cassette de música (aprox.50 grs.) ,5, 10, Amarillo
queso mozzarella ,1 cassette de música (aprox.50 grs.) ,4.5 ,9 ,Amarillo
Queso Muzzarella ,1 cassette de música ,3.5, 7, Amarillo
Queso Port salut,1 cassette de música,5 ,10, Amarillo
queso port salut , 1 cassette de música (aprox.50 grs.), 4.75, 9.5, Amarillo
Queso Port salut light, 1 cassette de músico, 2, 4, Amarillo
queso port salut light , 1 cassette tamaño audio (aprox.50 gr) ,2, 4, Amarillo
queso port salut light untable , 1 cda. de postre (aprox. 12 gr) ,0.25 ,2, Verde
queso provolone ,1 cassette de música (aprox. 50 gr) ,4.75 ,9.5, Amarillo
queso rallado ,1 cda. sopera (aprox. 15 gr), 2, 13.25, Amarillo
queso rallado light ,1 cucharada sopera (aprox. 15 gr) ,1.5, 10, Amarillo
queso ricotta ,1 cda. tamaño postre (aprox. 10 gr) ,0.5, 5, Amarillo
Queso Ricotta descremado, 1 cda. postre, 0.25 ,3 ,Verde
queso roquefort ,1 cassette tamaño audio (aprx. 50 gr) ,5.75 ,11.5 ,Amarillo
queso tholen light 4%, 1 cucharada de postre ,0.5, 5 ,Amarillo
queso tofu ,1 porción tamaño cassette de música ,1.5 ,3 ,Verde
Queso Untable Blanco descremado ,1 cda. postre,0.25 ,2.5, Verde
queso untable Cormillot de Tregar, 1 porción de 50 gr. ,1.5 ,3 ,Verde
queso untable descremado ,1 cda. tamaño postre (aprox. 10 gr), 0.25, 2.5, Verde
queso untable entero ,1 cda. tamaño postre (aprox. 10 gr) ,1, 10, Amarillo
queso untable port salut Sanco,r 1 cucharada tipo postre (10 gr) ,0.25, 2.5, Verde
quinoa ,1 cucharada sopera ( aprox 10 gr)  ,0.75, 7.5, Amarillo
rabanito ,1 unidad (aprox. 20 gr), 0, 0, Verde
radicheta ,1 plato de postre (aprx.50 gr), 0, 0, Verde
ravioles de pollo, 1 plato tamaño postre (aprx.60 gr) ,4 ,6.75, Amarillo
Ravioles de ricota y espinaca, 1 plato postre ,4, 6.5, Amarillo
ravioles de ricota y espinaca c/ manteca y queso,1 plato abundante (aprox. 200 gr), 20.75 ,10.25, Amarillo
Ravioles de ricota y espinaca light ,1 plato postre, 3, 5, Amarillo
ravioles de ricotta y espinaca (p. playo) ,1 plato playo abundante (aprx.180 gr) ,14.25, 8 ,Amarillo
ravioles de ricotta y espinaca (p. postre) ,1 plato de postre (aprx.60 gr), 4.75, 8, Amarillo
ravioles de ricotta y espinaca light ,1 plato de postre, 3, 5, Amarillo
ravioles de soja light Cormillot ,1 plato (aprox. 60gr) ,2.75, 4.5, Amarillo
rebozador c/ germen de trigo y avena, 3 cucharadas soperas (aprox. 30 gr), 2.25, 7.5, Amarillo
rebozador integral ,1 cucharada sopera (aprox. 10 gr), 1.25, 12.5, Amarillo
Remolacha ,1 unidad chica ,0.5, 1, Verde
remolacha (hortaliza), 1 unidad chica (aprox. 60 gr), 1 ,1.75, Verde
remolacha (jugo) ,1 vaso (aprox. 60 gr) ,0.5 ,0.75, Verde
remolacha enlatada, 1 plato postre, 1.75, 1.75, Verde
repollitos de bruselas, 1 taza grande en cocido, 0 ,0, Verde
repollo ,1 plato de postre, 0, 0, Verde
ricota ,1 cda. tamaño postre (aprox 10 gr), 0.5 ,5, Amarillo
ricota descremada, 1 cda. tamaño postre (aprox 10 gr), 0.25, 2.5, Verde
Riñon ,1 unidad chica, 1 ,2.5, Verde
riñón ,1 unidad chica (aprox.50 grs.) ,1.5, 3, Verde
risotto ,1 plato de postre (100 gr), 8, 8, Amarillo
risotto (revista de febrero 2006) ,1 plato de postre (150 gr) ,12, 8, Amarillo
rocío vegetal, 1 segundo de rociado (aprox. 0.5 gr), 0, 0, Verde
rogel ,1 porción mediana (150 gr) ,12, 8, Amarillo
rollito de dulce de leche bañado en choxcolate,1 unidad (aprox. 25 gr), 3, 12, Amarillo
rosca de pascua ,1 rodaja chica ,7 ,14, Amarillo
rúcula ,1 plato postre (aprox. 50 gr) ,0, 0, Verde
rueda de chocol. semiamargo relleno c/menta,1 unidad de aprox.18 gr, 2.75 ,15.25, rojo
rueda de chocolate semiamargo c/relleno de yogurt de frutilla,1 unidad de aprox.18 gr ,2.5, 13.75, Amarillo
salame ,1 feta (aprox. 25 grs.), 3.25, 13, Amarillo
Salchicha, 1 unidad , 3 ,7.5, Amarillo
salchicha común ,1 unidad (aprox. 40 gr) (9 cr c/ 100 gr), 3.5, 8.75, Amarillo
salchicha de soja ,1 unidad ,0.75, 2.25, Verde
salchicha light ,1 unidad (aprox. 33 gr) (3.25 cr c/ 100 gr), 1.25, 3.75, Amarillo
salchicha parrillera ,1 unidad (aprox. 60 gr) ,8.5, 14.25, Amarillo
salmón  ,1 filet grande ,3, 1.2, Verde
salmón al natural ,1 lata chica, 3, 2.5, Verde
salsa barbacoa ,1 cda tamaño postre (aprox 10 gr) ,0, 0, Verde
salsa bolognesa ,2 cucharadas soperas (aprox. 30 gr) ,2 ,6.75, Amarillo
salsa de soja ,1 cda. tamaño postre (aprox 10 gr) ,0 ,0, Verde
salsa fileto, 1 cucharada sopera (aprox. 15 gr), 0.25, 1.75, Verde
salsa fileto en polvo lista p' consumir ,1 cucharada sopera (aprox. 15 gr) ,0, 0, Verde
salsa golf ,1 cda. sopera (aprox 15 gr), 3.25, 21.75, rojo
salsa golf light ,1 cucharada de postre (aprox 10 gr), 1, 10, Amarillo
salsa pesto ,1 cucharada sopera, 2.5, 16.75, rojo
salsa portuguesa ,1 cucharada sopera (aprox. 15 gr), 0.25, 1.75, Verde
salsa portuguesa light ,1 cucharada sopera (aprox. 15 gr) ,0 ,0 ,Verde
salvado de avena, 1 cucharada sopera (aprox. 10 gr) ,0.75 ,7.5, Amarillo
salvado de trigo, 1 cucharada sopera (aprox. 10 gr) ,0.5 ,5 ,Amarillo
sandía ,1 taj. de  dedos de ancho (Apr.100 gr) ,0.75 ,0.5, rojo
sándwich de miga integral de jamón y queso Cormillot,1 unidad (aprox. 40 gr) ,2, 5, Amarillo
sándwich de pan árabe integral (45) c/ 1 cassette de queso port salut light (2) + 1 tomate y hojas de albahaca(0),1 sandwich, 6.5, 2.5, Verde
sándwich de pan lactal integral (35) c/ 1 lata atún al natural (0.75) + zanahoria rallada (0.25) + 1 cda. de mayon. light (1),1 sandwich, 5.5, 1.75, Verde
sándwich de pan lactal integral (35) c/ berenjena a la milanesa (0) + 1/2 huevo duro (1) + hojas de lechuga (0) + 2 cdas. de ketchup (0),1 sandwich ,4.5 ,2.25,Verde
sándwich tostado de jamón y queso, 1 triangulito ,5, 8.25, Amarillo
sardina en aceite ,1 porción de 100 gr ,5, 5, Amarillo
semillas de girasol (pipas), 1 cucharada sopera (aprox. 5 gr), 1, 20, rojo
semillas de girasol confitadas, 1 cucharada soperas (aprox. 16 gr) ,2.5, 15.75, rojo
Semillas promedio ,1 cda sopera ,1 ,10, Amarillo
semillitas de chía ,1 cucharada sopera (aprox. 10 g) ,0.5, 5, Amarillo
semillitas de lino ,1 cucharada sopera (aprox 10 g), 1, 10, Amarillo
semillitas de sésamo, 1 cucharada sopera (aprox. 5 gr) ,0.75, 15, rojo
seso ,1 unidad chica (aprox. 50 gr) ,2, 4, Amarillo
sidra ,1 copa (aprox. 150 cm3) ,1.75, 1.25, Verde
Sidra Light, 1 copa ,0.5, 0.5, Verde
sidra light , 1 copa (100 cm3), 0.5, 0.5, Verde
Snacks para copetin ,1 taza de Té ,4, 20, Rojo
soja enlatada ,1 taza tamaño té (aprox 33 gr) ,1.5, 4.5, Amarillo
soja natural, bebida 1 vaso, 2, 1.25, Verde
sopa crema  ,1 taza (aprox. 200 cm3) ,2.25, 1.25, Verde
sopa crema batido Cormillot ,1 vaso (aprox. 240 cm3) ,2.75, 1.25, Verde
sopa crema Knorr de espárragos, 1 porción de 16.3 gr (2 cdas. Soperas) ,1.25, 0.75, Verde
sopa de calabaza ,1 taza tamaño té ,2 ,1.5, Verde
Sopa instantanea Reconstituida, 1 taza de té, 2 ,1, Verde
sopa instantánea reconstituida ,1 taza tamaño té ,2, 1.5, Verde
sopa Knorr Quick light (tomate vegetales zapallo arvejas),1 porción de 11 gr, 0, 0 ,Verde
sopa light ,1 taza grande (aprox 200 gr) ,0.75, 0.5, Verde
spaguetti c/ salsa ajo y albahaca, 1 plato tam. postre en cocido(apx.230 gr) ,4.75, 8, Amarillo
stop calory chocolate c/ leche descr., 1 vaso (aprox. 230 gr), 2.5, 1, Verde
sundae de frutilla ,1 porción (aprox. 180 gr) ,8.5, 4.75 ,Amarillo
suprema al champiñón, 1 unidad chica (100 gr) ,5.5 ,5.5 ,Amarillo
surimi (kani-kama) ,1 unidad (aprox. 18 gr) ,0.25 ,1.25, Verde
sushi ,1 unidades (200 gr) ,5, 2.5, Verde
tableta de dulc. de leche cub. con ,1 unidad (aprox. 25 gr) ,2.5, 10, Amarillo
tableta de dulc. de leche light, 1 unidad (aprox. 25 gr) ,1.75, 7, Amarillo
taco mexicano ,1 unidad ,6, 6, Amarillo
tapa de nalga (vaca) ,1 rodaja (aprox. 150 gr), 5.75, 3.75, Amarillo
Tapa Masa de canelon ,1 unidad, 3, 11.5, Amarillo
Tapa masa de tarta ,1 porcion con una tapa ,3 ,12, Amarillo
tarta de acelga con 1 sola tapa ,1 porción (1/8 de tarta) ,4, 4, Amarillo
tarta de atún c/ 1 tapa ,1 porción c/ 1 tapa ,3, 3, Verde
tarta de jamón y queso ,1 porción ,13, 13, Amarillo
tarta de manzana, 1 porción chica (aprox.100 grs.), 7, 7, Amarillo
tarta de manzana light, 1 porción chica (aprox.100 grs.) ,2.5, 2.5, Verde
tarta de merengue y crema ,1 porción (aprox.150 grs.) ,12, 8, Amarillo
tarta de queso y cebolla c/ 2 tapas ,1 porción (1/8 de tarta c/ 2 tapa) ,15, 10, Amarillo
tarta de ricota la comprada en confitería, 1 porción de 140 gr, 18.5, 13.25, Amarillo
tarta de vigilia light, 1/8 tarta , 9.5 ,9.5 ,Amarillo
tarta de zapallito ,1 porción (1/8 de tarta c/ 1 tapa) ,2 ,3, Verde
tarta de zapallo con 1 sola tapa ,1 porción (1/8 de tarta) ,4, 4, Amarillo
tarta de zapallo light con 1 sola tapa, 1 porción (1/8 de tarta), 3, 3, Verde
tarta individual) de frutos del bosque, 1 unidad de 42 gr ,4.5, 10.75, Amarillo
Tic - Tac (confititos), 1 cajita ,2 ,12.5, Amarillo
tira de asado ,1 tira de 3 huesos (aprox. 150 gr) ,19.5 ,13, Amarillo
tira de asado magro, 1 tira de 3 huesos ,7.5, 5, Amarillo
tofu ,1 cassette tamaño audio (aprox 50 gr) ,1.5, 3, Verde
tomate ,1 unidad chica (aprox. 100 gr) ,0 ,0, Verde
tomate perita ,1 unidad chica, 0, 0, Verde
tomate perita pelado enlatado, 1 unidad, 0 ,0, Verde
tomate relleno c/ atún ,2 unidades ,2, 0.75, Verde
tomate relleno de atún al natural ,1 unidad ,1 ,0.5, Verde
torta Rogel, 1 porción mediana (150 gr), 12, 8, Amarillo
tortilla de acelga con aceite, 1/4 de tortilla (150 gr), 4.5, 3 ,Verde
tortilla de acelga en rocío vegetal ,1/4 de tortilla chica ,0.5, 0.5,  Verde
tortilla de papa con aceite ,1/4 de tortilla (150 gr) , 9,  6, Amarillo
tostada light ,1 unidad , 0.75, 5, Amarillo
tostadas clásicas ,1 unidad ,0.75,  3.75, Amarillo
Tostadas de gluten , 1 unidad, 0.75, 12.5, Amarillo
tostadas de mesa, 1 unidad (aprox. 6.5 grs.) ,  0.5 ,7.75, Amarillo
tostadas integrales, 1 unidad (aprox. 6 grs.) ,0.5, 8.25, Amarillo
tostadas integrales de gluten ,2 tostadas (aprox. 6 grs. c/u) ,1.25,  20.75, Verde
tostadas marca SER común o salvado, 1 unidad , 0.75, 12.5,  Amarillo
tostaditas twistos , 1 paquete chico de 40 gr ,4, 10,  Amarillo
tostado (sándwich tostado) ,1 triangulito, 5 ,5, Amarillo
Tapa masa de tarta light ,1 porcion con una tapa, 2, 8, Amarillo
trigo burgol ,1 taza de té en cocido ,2 ,3.25, Amarillo
trigo candela ,1 plato de postre ,4,  7.75, Amarillo
trigo inflado,1 paquete chico ó 1 taza de té ,2.5, 10, Amarillo
trucha ,1 unidad (150 gr) , 1.5, 1, Verde
turrón de almendra , 1 trozo mediano (aprox. 25 gr), 3.5, 14, Amarillo
turrón de cereal bañado en chocolate, 1 unidad (aprox. 22 gr), 3, 13.75, Amarillo
Turron de mani ,1 unidad ,4, 16, Amarillo
turrón de maní ,1 trozo mediano (aprox. 25 gr), 3.25, 13, Amarillo
turrón marca Miski ,1 unidad ,3.25, 16.25, rojo
twistos tostaditas, 1 paquete chico de 40 gr ,4, 10, Amarillo
Uva, 1 taza de te,  2.5, 1.5, Verde
uvas ,1 taza de té (aprox. 150 grs.) ,2.25, 1.5, Verde
Vacío ,1 rodaja gruesa ,7.5, 5 ,Amarillo
vainillas, 1 unidad (aprox. 15 gr), 1.75 ,11.75, Amarillo
Vermouth ,1  vaso ,3, 3, Verde
vermouth (promedio), 1 vaso (aprox. 100 cm3) ,2.5, 2.5, Verde
vinagre ,1 cucharada de postre ,0 ,0, Verde
vino blanco ,1 vaso o copa (aprox. 150 cm3) ,2.75, 1.75, Verde
Vino Blanco o Tinto, 1 vaso o copa ,3, 2, Verde
vino jerez dulce ,1 medida (aprox. 50 cm3) ,1.75,  3.5, Amarillo
vino tinto ,1 vaso o copa (aprox. 150 cm3), 2.25, 1.5, Verde
vitel thoné , 2 rodajas  , 6, 4,  Amarillo
whisky ,1 medida (aprox. 50 cm3) , 2.75,  5.5, Amarillo
Whisky Promedio ,1 medida,  3, 6, Amarillo
yema de huevo ,1 unidad (aprox. 15 gr), 1.75, 11.75, Amarillo
Yogur descremado,1 pote ,1,  0.5, Verde
Yogur descremado con cereales ,1 pote ,3 ,1.5, Verde
Yogur descremado con frutas ,1 pote ,2, 1, Verde
Yogur entero ,1 pote ,4, 2, Verde
Yogur entero con cereales, 1 pote ,7, 3.5, Verde
Yogur entero con frutas, 1 pote ,5 ,2.5, Verde
yogurt bebible descremado ,1 vaso (aprox. 200 cm3) ,1, 0.5, Verde
yogurt descremado ,1 pote (aprox. 200 gr) ,0.75, 0.25, Verde
yogurt descremado con cereales, 1 pote ,3, 1.5, Verde
yogurt descremado con frutas ,1 pote (aprox. 200 gr) ,1.75, 0.75, Verde
yogurt descremado con frutas y cereales ,1 pote (aprox. 183 gr) ,3.25, 1.75, Verde
yogurt descremado con muesli ,1 pote, 3 ,1.5, Verde
yogurt descremado Ser o Sancor ,1 unidad de 125 gr, 1, 0.75, Verde
yogurt entero  ,1 pote (aprox. 200 gr) ,3.25, 1.75, Verde
yogurt entero con cereales ,1 pote (aprox. 200 gr) ,6.75, 3.25, Amarillo
yogurt entero con frutas, 1 pote, 5, 2.5, Verde
yogurt Ser lemon pie, 1 pote ,2, 1.5, Verde
yogurt Ser manzana, 1 pote ,2, 1.5, Verde
zanahoria, 1 unidad chica (aprox. 100 grs.) ,0.75, 0.75, Verde
zapallito redondo ,1 tza tamaño té en cocido ,0, 0, Verde
zapallito zuchini, 1 unidad mediana ,0, 0, Verde
